collected_at,free,geo.lat,geo.lon,id,key,max,orgahoraires,status,tarif_15,tarif_1h,tarif_1h30,tarif_2h,tarif_30,tarif_3h,tarif_4h,tarif_nuit_15,tarif_nuit_1h,tarif_nuit_1h30,tarif_nuit_2h,tarif_nuit_30,tarif_nuit_3h,tarif_nuit_4h
2026-09-30T23:07:58+02:00,145,48.112673686342674,-1.683072154573685,5066,Lices,397,Dimanche :  09:00-21:00,OUVERT,0.60,2.40,3.40,4.40,1.20,6.40,8.40,0.3,1.2,1.8,2.4,0.6,3.6,4.8
2026-09-30T23:07:58+02:00,177,48.12082976009738,-1.7097687721215509,598,Kennedy,193,Lundi : 05:45-20:30 / Mardi : 05:45-20:30 / Mercredi : 05:45-20:30 / Jeudi : 05:45-20:30 / Vendredi : 05:45-20:30 / Samedi : 05:45-20:30 / Dimanche : Fermé,OUVERT,0.00,"0,7","1,4","1,7",0,"2,3","2,9",,,,,,,
2026-09-30T23:07:58+02:00,208,48.11078384526577,-1.673617959020907,5011,Kleber,341,Lundi : 07:00-20:30 / Mardi : 07:00-20:30 / Mercredi : 07:00-20:30 / Jeudi : 07:00-20:30 / Vendredi : 07:00-20:30 / Samedi : 07:00-20:30 / Dimanche : Fermé,OUVERT,"0,6","2,4","3,4","4,4","1,2","6,4","8,4",0.3,1.2,1.8,2.4,0.6,3.6,4.8
2026-09-30T23:07:58+02:00,225,48.11808445473859,-1.6804719095649794,6925,Hotel Dieu,285,Dimanche : Fermé,OUVERT,0.60,2.40,3.40,4.40,1.20,6.40,8.40,0.3,1.2,1.8,2.4,0.6,3.6,4.8
2026-09-30T23:07:58+02:00,403,48.10509175413414,-1.6861234986967464,74,Arsenal,566,Lundi : 06:30-22:30 / Mardi : 06:30-22:30 / Mercredi : 06:30-22:30 / Jeudi : 06:30-22:30 / Vendredi : 06:30-22:30 / Samedi : 06:30-22:30 / Dimanche : Fermé,OUVERT,0.30,1.20,1.80,2.40,0.60,3.60,4.80,0.2,0.8,1.2,1.6,0.4,2.4,3.2
2026-09-30T23:07:58+02:00,446,48.10217565565667,-1.6727864239904116,4765,Gare-Sud,990,,OUVERT,0.70,2.80,4.20,5.60,1.40,8.00,10.40,0.4,1.6,2.4,3.2,0.8,4.8,6.4
2026-09-30T23:07:58+02:00,512,48.1152366677876,-1.6770490451168616,4915,Hoche,773,Lundi : 06:00-22:00 / Dimanche : Fermé,OUVERT,0.60,2.40,3.40,4.40,1.20,6.40,8.40,0.3,1.2,1.8,2.4,0.6,3.6,4.8
2026-09-30T23:07:58+02:00,515,48.10623520518354,-1.676050017133773,597,De Gaulle-Gare,716,,OUVERT,0.60,2.40,3.40,4.40,1.20,6.40,8.40,0.3,1.2,1.8,2.4,0.6,3.6,4.8
2026-09-30T23:07:58+02:00,703,48.10476254246226,-1.6786245223418863,1503,Colombier,939,Lundi : Ouvert 24h/24h / Mardi : Ouvert 24h/24h / Mercredi : Ouvert 24h/24h / Jeudi : Ouvert 24h/24h / Vendredi : Ouvert 24h/24h / Samedi : Ouvert 24h/24h / Dimanche : Ouvert 24h/24h,OUVERT,0.60,2.40,3.40,4.40,1.20,6.40,8.40,0.3,1.2,1.8,2.4,0.6,3.6,4.8
2026-09-30T23:07:58+02:00,91,48.11366158304597,-1.686105588634842,2,Chezy-Dinan,395,Lundi : 07:00-21:00 / Mardi : 07:00-21:00 / Mercredi : 07:00-21:00 / Dimanche : Fermé,OUVERT,0.60,2.40,3.40,4.40,1.20,6.40,8.40,0.3,1.2,1.8,2.4,0.6,3.6,4.8
2026-10-01T02:26:19+02:00,,48.11808445473859,-1.6804719095649794,6925,Hotel Dieu,285,Dimanche : Fermé,CLOSED,0.60,2.40,3.40,4.40,1.20,6.40,8.40,0.3,1.2,1.8,2.4,0.6,3.6,4.8
2026-10-01T02:26:19+02:00,105,48.11366158304597,-1.686105588634842,2,Chezy-Dinan,395,Lundi : 07:00-21:00 / Mardi : 07:00-21:00 / Mercredi : 07:00-21:00 / Dimanche : Fermé,OUVERT,0.60,2.40,3.40,4.40,1.20,6.40,8.40,0.3,1.2,1.8,2.4,0.6,3.6,4.8
2026-10-01T02:26:19+02:00,176,48.12082976009738,-1.7097687721215509,598,Kennedy,193,Lundi : 05:45-20:30 / Mardi : 05:45-20:30 / Mercredi : 05:45-20:30 / Jeudi : 05:45-20:30 / Vendredi : 05:45-20:30 / Samedi : 05:45-20:30 / Dimanche : Fermé,OUVERT,0.00,"0,7","1,4","1,7",0,"2,3","2,9",,,,,,,
2026-10-01T02:26:19+02:00,202,48.112673686342674,-1.683072154573685,5066,Lices,397,Dimanche :  09:00-21:00,OUVERT,0.60,2.40,3.40,4.40,1.20,6.40,8.40,0.3,1.2,1.8,2.4,0.6,3.6,4.8
2026-10-01T02:26:19+02:00,213,48.11078384526577,-1.673617959020907,5011,Kleber,341,Lundi : 07:00-20:30 / Mardi : 07:00-20:30 / Mercredi : 07:00-20:30 / Jeudi : 07:00-20:30 / Vendredi : 07:00-20:30 / Samedi : 07:00-20:30 / Dimanche : Fermé,OUVERT,"0,6","2,4","3,4","4,4","1,2","6,4","8,4",0.3,1.2,1.8,2.4,0.6,3.6,4.8
2026-10-01T02:26:19+02:00,403,48.10509175413414,-1.6861234986967464,74,Arsenal,566,Lundi : 06:30-22:30 / Mardi : 06:30-22:30 / Mercredi : 06:30-22:30 / Jeudi : 06:30-22:30 / Vendredi : 06:30-22:30 / Samedi : 06:30-22:30 / Dimanche : Fermé,OUVERT,0.30,1.20,1.80,2.40,0.60,3.60,4.80,0.2,0.8,1.2,1.6,0.4,2.4,3.2
2026-10-01T02:26:19+02:00,476,48.10217565565667,-1.6727864239904116,4765,Gare-Sud,990,,OUVERT,0.70,2.80,4.20,5.60,1.40,8.00,10.40,0.4,1.6,2.4,3.2,0.8,4.8,6.4
2026-10-01T02:26:19+02:00,515,48.1152366677876,-1.6770490451168616,4915,Hoche,773,Lundi : 06:00-22:00 / Dimanche : Fermé,OUVERT,0.60,2.40,3.40,4.40,1.20,6.40,8.40,0.3,1.2,1.8,2.4,0.6,3.6,4.8
2026-10-01T02:26:19+02:00,548,48.10623520518354,-1.676050017133773,597,De Gaulle-Gare,716,,OUVERT,0.60,2.40,3.40,4.40,1.20,6.40,8.40,0.3,1.2,1.8,2.4,0.6,3.6,4.8
2026-10-01T02:26:19+02:00,706,48.10476254246226,-1.6786245223418863,1503,Colombier,939,Lundi : Ouvert 24h/24h / Mardi : Ouvert 24h/24h / Mercredi : Ouvert 24h/24h / Jeudi : Ouvert 24h/24h / Vendredi : Ouvert 24h/24h / Samedi : Ouvert 24h/24h / Dimanche : Ouvert 24h/24h,OUVERT,0.60,2.40,3.40,4.40,1.20,6.40,8.40,0.3,1.2,1.8,2.4,0.6,3.6,4.8
2026-10-01T08:25:15+02:00,118,48.11366158304597,-1.686105588634842,2,Chezy-Dinan,395,Lundi : 07:00-21:00 / Mardi : 07:00-21:00 / Mercredi : 07:00-21:00 / Dimanche : Fermé,OUVERT,0.60,2.40,3.40,4.40,1.20,6.40,8.40,0.3,1.2,1.8,2.4,0.6,3.6,4.8
2026-10-01T08:25:15+02:00,167,48.12082976009738,-1.7097687721215509,598,Kennedy,193,Lundi : 05:45-20:30 / Mardi : 05:45-20:30 / Mercredi : 05:45-20:30 / Jeudi : 05:45-20:30 / Vendredi : 05:45-20:30 / Samedi : 05:45-20:30 / Dimanche : Fermé,OUVERT,0.00,"0,7","1,4","1,7",0,"2,3","2,9",,,,,,,
2026-10-01T08:25:15+02:00,211,48.10217565565667,-1.6727864239904116,4765,Gare-Sud,990,,OUVERT,0.70,2.80,4.20,5.60,1.40,8.00,10.40,0.4,1.6,2.4,3.2,0.8,4.8,6.4
2026-10-01T08:25:15+02:00,211,48.11078384526577,-1.673617959020907,5011,Kleber,341,Lundi : 07:00-20:30 / Mardi : 07:00-20:30 / Mercredi : 07:00-20:30 / Jeudi : 07:00-20:30 / Vendredi : 07:00-20:30 / Samedi : 07:00-20:30 / Dimanche : Fermé,OUVERT,"0,6","2,4","3,4","4,4","1,2","6,4","8,4",0.3,1.2,1.8,2.4,0.6,3.6,4.8
2026-10-01T08:25:15+02:00,214,48.112673686342674,-1.683072154573685,5066,Lices,397,Dimanche :  09:00-21:00,OUVERT,0.60,2.40,3.40,4.40,1.20,6.40,8.40,0.3,1.2,1.8,2.4,0.6,3.6,4.8
2026-10-01T08:25:15+02:00,236,48.11808445473859,-1.6804719095649794,6925,Hotel Dieu,285,Dimanche : Fermé,OUVERT,0.60,2.40,3.40,4.40,1.20,6.40,8.40,0.3,1.2,1.8,2.4,0.6,3.6,4.8
2026-10-01T08:25:15+02:00,340,48.10509175413414,-1.6861234986967464,74,Arsenal,566,Lundi : 06:30-22:30 / Mardi : 06:30-22:30 / Mercredi : 06:30-22:30 / Jeudi : 06:30-22:30 / Vendredi : 06:30-22:30 / Samedi : 06:30-22:30 / Dimanche : Fermé,OUVERT,0.30,1.20,1.80,2.40,0.60,3.60,4.80,0.2,0.8,1.2,1.6,0.4,2.4,3.2
2026-10-01T08:25:15+02:00,509,48.10623520518354,-1.676050017133773,597,De Gaulle-Gare,716,,OUVERT,0.60,2.40,3.40,4.40,1.20,6.40,8.40,0.3,1.2,1.8,2.4,0.6,3.6,4.8
2026-10-01T08:25:15+02:00,510,48.1152366677876,-1.6770490451168616,4915,Hoche,773,Lundi : 06:00-22:00 / Dimanche : Fermé,OUVERT,0.60,2.40,3.40,4.40,1.20,6.40,8.40,0.3,1.2,1.8,2.4,0.6,3.6,4.8
2026-10-01T08:25:15+02:00,650,48.10476254246226,-1.6786245223418863,1503,Colombier,939,Lundi : Ouvert 24h/24h / Mardi : Ouvert 24h/24h / Mercredi : Ouvert 24h/24h / Jeudi : Ouvert 24h/24h / Vendredi : Ouvert 24h/24h / Samedi : Ouvert 24h/24h / Dimanche : Ouvert 24h/24h,OUVERT,0.60,2.40,3.40,4.40,1.20,6.40,8.40,0.3,1.2,1.8,2.4,0.6,3.6,4.8
2026-10-01T15:46:05+02:00,129,48.11078384526577,-1.673617959020907,5011,Kleber,341,Lundi : 07:00-20:30 / Mardi : 07:00-20:30 / Mercredi : 07:00-20:30 / Jeudi : 07:00-20:30 / Vendredi : 07:00-20:30 / Samedi : 07:00-20:30 / Dimanche : Fermé,OUVERT,"0,6","2,4","3,4","4,4","1,2","6,4","8,4",0.3,1.2,1.8,2.4,0.6,3.6,4.8
2026-10-01T15:46:05+02:00,158,48.10217565565667,-1.6727864239904116,4765,Gare-Sud,990,,OUVERT,0.70,2.80,4.20,5.60,1.40,8.00,10.40,0.4,1.6,2.4,3.2,0.8,4.8,6.4
2026-10-01T15:46:05+02:00,171,48.12082976009738,-1.7097687721215509,598,Kennedy,193,Lundi : 05:45-20:30 / Mardi : 05:45-20:30 / Mercredi : 05:45-20:30 / Jeudi : 05:45-20:30 / Vendredi : 05:45-20:30 / Samedi : 05:45-20:30 / Dimanche : Fermé,OUVERT,0.00,"0,7","1,4","1,7",0,"2,3","2,9",,,,,,,
2026-10-01T15:46:05+02:00,197,48.10509175413414,-1.6861234986967464,74,Arsenal,566,Lundi : 06:30-22:30 / Mardi : 06:30-22:30 / Mercredi : 06:30-22:30 / Jeudi : 06:30-22:30 / Vendredi : 06:30-22:30 / Samedi : 06:30-22:30 / Dimanche : Fermé,OUVERT,0.30,1.20,1.80,2.40,0.60,3.60,4.80,0.2,0.8,1.2,1.6,0.4,2.4,3.2
2026-10-01T15:46:05+02:00,241,48.11808445473859,-1.6804719095649794,6925,Hotel Dieu,285,Dimanche : Fermé,OUVERT,0.60,2.40,3.40,4.40,1.20,6.40,8.40,0.3,1.2,1.8,2.4,0.6,3.6,4.8
2026-10-01T15:46:05+02:00,31,48.112673686342674,-1.683072154573685,5066,Lices,397,Dimanche :  09:00-21:00,OUVERT,0.60,2.40,3.40,4.40,1.20,6.40,8.40,0.3,1.2,1.8,2.4,0.6,3.6,4.8
2026-10-01T15:46:05+02:00,355,48.1152366677876,-1.6770490451168616,4915,Hoche,773,Lundi : 06:00-22:00 / Dimanche : Fermé,OUVERT,0.60,2.40,3.40,4.40,1.20,6.40,8.40,0.3,1.2,1.8,2.4,0.6,3.6,4.8
2026-10-01T15:46:05+02:00,374,48.10623520518354,-1.676050017133773,597,De Gaulle-Gare,716,,OUVERT,0.60,2.40,3.40,4.40,1.20,6.40,8.40,0.3,1.2,1.8,2.4,0.6,3.6,4.8
2026-10-01T15:46:05+02:00,442,48.10476254246226,-1.6786245223418863,1503,Colombier,939,Lundi : Ouvert 24h/24h / Mardi : Ouvert 24h/24h / Mercredi : Ouvert 24h/24h / Jeudi : Ouvert 24h/24h / Vendredi : Ouvert 24h/24h / Samedi : Ouvert 24h/24h / Dimanche : Ouvert 24h/24h,OUVERT,0.60,2.40,3.40,4.40,1.20,6.40,8.40,0.3,1.2,1.8,2.4,0.6,3.6,4.8
2026-10-01T15:46:05+02:00,54,48.11366158304597,-1.686105588634842,2,Chezy-Dinan,395,Lundi : 07:00-21:00 / Mardi : 07:00-21:00 / Mercredi : 07:00-21:00 / Dimanche : Fermé,OUVERT,0.60,2.40,3.40,4.40,1.20,6.40,8.40,0.3,1.2,1.8,2.4,0.6,3.6,4.8
2026-10-01T21:04:49+02:00,165,48.11078384526577,-1.673617959020907,5011,Kleber,341,Lundi : 07:00-20:30 / Mardi : 07:00-20:30 / Mercredi : 07:00-20:30 / Jeudi : 07:00-20:30 / Vendredi : 07:00-20:30 / Samedi : 07:00-20:30 / Dimanche : Fermé,OUVERT,"0,6","2,4","3,4","4,4","1,2","6,4","8,4",0.3,1.2,1.8,2.4,0.6,3.6,4.8
2026-10-01T21:04:49+02:00,177,48.12082976009738,-1.7097687721215509,598,Kennedy,193,Lundi : 05:45-20:30 / Mardi : 05:45-20:30 / Mercredi : 05:45-20:30 / Jeudi : 05:45-20:30 / Vendredi : 05:45-20:30 / Samedi : 05:45-20:30 / Dimanche : Fermé,OUVERT,0.00,"0,7","1,4","1,7",0,"2,3","2,9",,,,,,,
2026-10-01T21:04:49+02:00,230,48.11808445473859,-1.6804719095649794,6925,Hotel Dieu,285,Dimanche : Fermé,OUVERT,0.60,2.40,3.40,4.40,1.20,6.40,8.40,0.3,1.2,1.8,2.4,0.6,3.6,4.8
2026-10-01T21:04:49+02:00,355,48.10623520518354,-1.676050017133773,597,De Gaulle-Gare,716,,OUVERT,0.60,2.40,3.40,4.40,1.20,6.40,8.40,0.3,1.2,1.8,2.4,0.6,3.6,4.8
2026-10-01T21:04:49+02:00,4,48.11366158304597,-1.686105588634842,2,Chezy-Dinan,395,Lundi : 07:00-21:00 / Mardi : 07:00-21:00 / Mercredi : 07:00-21:00 / Dimanche : Fermé,OUVERT,0.60,2.40,3.40,4.40,1.20,6.40,8.40,0.3,1.2,1.8,2.4,0.6,3.6,4.8
2026-10-01T21:04:49+02:00,402,48.1152366677876,-1.6770490451168616,4915,Hoche,773,Lundi : 06:00-22:00 / Dimanche : Fermé,OUVERT,0.60,2.40,3.40,4.40,1.20,6.40,8.40,0.3,1.2,1.8,2.4,0.6,3.6,4.8
2026-10-01T21:04:49+02:00,410,48.10509175413414,-1.6861234986967464,74,Arsenal,566,Lundi : 06:30-22:30 / Mardi : 06:30-22:30 / Mercredi : 06:30-22:30 / Jeudi : 06:30-22:30 / Vendredi : 06:30-22:30 / Samedi : 06:30-22:30 / Dimanche : Fermé,OUVERT,0.30,1.20,1.80,2.40,0.60,3.60,4.80,0.2,0.8,1.2,1.6,0.4,2.4,3.2
2026-10-01T21:04:49+02:00,561,48.10217565565667,-1.6727864239904116,4765,Gare-Sud,990,,OUVERT,0.70,2.80,4.20,5.60,1.40,8.00,10.40,0.4,1.6,2.4,3.2,0.8,4.8,6.4
2026-10-01T21:04:49+02:00,689,48.10476254246226,-1.6786245223418863,1503,Colombier,939,Lundi : Ouvert 24h/24h / Mardi : Ouvert 24h/24h / Mercredi : Ouvert 24h/24h / Jeudi : Ouvert 24h/24h / Vendredi : Ouvert 24h/24h / Samedi : Ouvert 24h/24h / Dimanche : Ouvert 24h/24h,OUVERT,0.60,2.40,3.40,4.40,1.20,6.40,8.40,0.3,1.2,1.8,2.4,0.6,3.6,4.8
2026-10-01T21:04:49+02:00,9,48.112673686342674,-1.683072154573685,5066,Lices,397,Dimanche :  09:00-21:00,OUVERT,0.60,2.40,3.40,4.40,1.20,6.40,8.40,0.3,1.2,1.8,2.4,0.6,3.6,4.8
2026-10-02T01:09:31+02:00,,48.11808445473859,-1.6804719095649794,6925,Hotel Dieu,285,Dimanche : Fermé,CLOSED,0.60,2.40,3.40,4.40,1.20,6.40,8.40,0.3,1.2,1.8,2.4,0.6,3.6,4.8
2026-10-02T01:09:31+02:00,142,48.112673686342674,-1.683072154573685,5066,Lices,397,Dimanche :  09:00-21:00,OUVERT,0.60,2.40,3.40,4.40,1.20,6.40,8.40,0.3,1.2,1.8,2.4,0.6,3.6,4.8
2026-10-02T01:09:31+02:00,175,48.12082976009738,-1.7097687721215509,598,Kennedy,193,Lundi : 05:45-20:30 / Mardi : 05:45-20:30 / Mercredi : 05:45-20:30 / Jeudi : 05:45-20:30 / Vendredi : 05:45-20:30 / Samedi : 05:45-20:30 / Dimanche : Fermé,OUVERT,0.00,"0,7","1,4","1,7",0,"2,3","2,9",,,,,,,
2026-10-02T01:09:31+02:00,207,48.11078384526577,-1.673617959020907,5011,Kleber,341,Lundi : 07:00-20:30 / Mardi : 07:00-20:30 / Mercredi : 07:00-20:30 / Jeudi : 07:00-20:30 / Vendredi : 07:00-20:30 / Samedi : 07:00-20:30 / Dimanche : Fermé,OUVERT,"0,6","2,4","3,4","4,4","1,2","6,4","8,4",0.3,1.2,1.8,2.4,0.6,3.6,4.8
2026-10-02T01:09:31+02:00,403,48.10509175413414,-1.6861234986967464,74,Arsenal,566,Lundi : 06:30-22:30 / Mardi : 06:30-22:30 / Mercredi : 06:30-22:30 / Jeudi : 06:30-22:30 / Vendredi : 06:30-22:30 / Samedi : 06:30-22:30 / Dimanche : Fermé,OUVERT,0.30,1.20,1.80,2.40,0.60,3.60,4.80,0.2,0.8,1.2,1.6,0.4,2.4,3.2
2026-10-02T01:09:31+02:00,489,48.1152366677876,-1.6770490451168616,4915,Hoche,773,Lundi : 06:00-22:00 / Dimanche : Fermé,OUVERT,0.60,2.40,3.40,4.40,1.20,6.40,8.40,0.3,1.2,1.8,2.4,0.6,3.6,4.8
2026-10-02T01:09:31+02:00,542,48.10623520518354,-1.676050017133773,597,De Gaulle-Gare,716,,OUVERT,0.60,2.40,3.40,4.40,1.20,6.40,8.40,0.3,1.2,1.8,2.4,0.6,3.6,4.8
2026-10-02T01:09:31+02:00,644,48.10217565565667,-1.6727864239904116,4765,Gare-Sud,990,,OUVERT,0.70,2.80,4.20,5.60,1.40,8.00,10.40,0.4,1.6,2.4,3.2,0.8,4.8,6.4
2026-10-02T01:09:31+02:00,726,48.10476254246226,-1.6786245223418863,1503,Colombier,939,Lundi : Ouvert 24h/24h / Mardi : Ouvert 24h/24h / Mercredi : Ouvert 24h/24h / Jeudi : Ouvert 24h/24h / Vendredi : Ouvert 24h/24h / Samedi : Ouvert 24h/24h / Dimanche : Ouvert 24h/24h,OUVERT,0.60,2.40,3.40,4.40,1.20,6.40,8.40,0.3,1.2,1.8,2.4,0.6,3.6,4.8
2026-10-02T01:09:31+02:00,94,48.11366158304597,-1.686105588634842,2,Chezy-Dinan,395,Lundi : 07:00-21:00 / Mardi : 07:00-21:00 / Mercredi : 07:00-21:00 / Dimanche : Fermé,OUVERT,0.60,2.40,3.40,4.40,1.20,6.40,8.40,0.3,1.2,1.8,2.4,0.6,3.6,4.8
2026-10-02T04:15:41+02:00,,48.11808445473859,-1.6804719095649794,6925,Hotel Dieu,285,Dimanche : Fermé,CLOSED,0.60,2.40,3.40,4.40,1.20,6.40,8.40,0.3,1.2,1.8,2.4,0.6,3.6,4.8
2026-10-02T04:15:41+02:00,126,48.11366158304597,-1.686105588634842,2,Chezy-Dinan,395,Lundi : 07:00-21:00 / Mardi : 07:00-21:00 / Mercredi : 07:00-21:00 / Dimanche : Fermé,OUVERT,0.60,2.40,3.40,4.40,1.20,6.40,8.40,0.3,1.2,1.8,2.4,0.6,3.6,4.8
2026-10-02T04:15:41+02:00,176,48.12082976009738,-1.7097687721215509,598,Kennedy,193,Lundi : 05:45-20:30 / Mardi : 05:45-20:30 / Mercredi : 05:45-20:30 / Jeudi : 05:45-20:30 / Vendredi : 05:45-20:30 / Samedi : 05:45-20:30 / Dimanche : Fermé,OUVERT,0.00,"0,7","1,4","1,7",0,"2,3","2,9",,,,,,,
2026-10-02T04:15:41+02:00,210,48.11078384526577,-1.673617959020907,5011,Kleber,341,Lundi : 07:00-20:30 / Mardi : 07:00-20:30 / Mercredi : 07:00-20:30 / Jeudi : 07:00-20:30 / Vendredi : 07:00-20:30 / Samedi : 07:00-20:30 / Dimanche : Fermé,OUVERT,"0,6","2,4","3,4","4,4","1,2","6,4","8,4",0.3,1.2,1.8,2.4,0.6,3.6,4.8
2026-10-02T04:15:41+02:00,237,48.112673686342674,-1.683072154573685,5066,Lices,397,Dimanche :  09:00-21:00,OUVERT,0.60,2.40,3.40,4.40,1.20,6.40,8.40,0.3,1.2,1.8,2.4,0.6,3.6,4.8
2026-10-02T04:15:41+02:00,414,48.10509175413414,-1.6861234986967464,74,Arsenal,566,Lundi : 06:30-22:30 / Mardi : 06:30-22:30 / Mercredi : 06:30-22:30 / Jeudi : 06:30-22:30 / Vendredi : 06:30-22:30 / Samedi : 06:30-22:30 / Dimanche : Fermé,OUVERT,0.30,1.20,1.80,2.40,0.60,3.60,4.80,0.2,0.8,1.2,1.6,0.4,2.4,3.2
2026-10-02T04:15:41+02:00,511,48.1152366677876,-1.6770490451168616,4915,Hoche,773,Lundi : 06:00-22:00 / Dimanche : Fermé,OUVERT,0.60,2.40,3.40,4.40,1.20,6.40,8.40,0.3,1.2,1.8,2.4,0.6,3.6,4.8
2026-10-02T04:15:41+02:00,556,48.10623520518354,-1.676050017133773,597,De Gaulle-Gare,716,,OUVERT,0.60,2.40,3.40,4.40,1.20,6.40,8.40,0.3,1.2,1.8,2.4,0.6,3.6,4.8
2026-10-02T04:15:41+02:00,644,48.10217565565667,-1.6727864239904116,4765,Gare-Sud,990,,OUVERT,0.70,2.80,4.20,5.60,1.40,8.00,10.40,0.4,1.6,2.4,3.2,0.8,4.8,6.4
2026-10-02T04:15:41+02:00,736,48.10476254246226,-1.6786245223418863,1503,Colombier,939,Lundi : Ouvert 24h/24h / Mardi : Ouvert 24h/24h / Mercredi : Ouvert 24h/24h / Jeudi : Ouvert 24h/24h / Vendredi : Ouvert 24h/24h / Samedi : Ouvert 24h/24h / Dimanche : Ouvert 24h/24h,OUVERT,0.60,2.40,3.40,4.40,1.20,6.40,8.40,0.3,1.2,1.8,2.4,0.6,3.6,4.8
2026-10-02T10:39:13+02:00,113,48.11366158304597,-1.686105588634842,2,Chezy-Dinan,395,Lundi : 07:00-21:00 / Mardi : 07:00-21:00 / Mercredi : 07:00-21:00 / Dimanche : Fermé,OUVERT,0.60,2.40,3.40,4.40,1.20,6.40,8.40,0.3,1.2,1.8,2.4,0.6,3.6,4.8
2026-10-02T10:39:13+02:00,167,48.12082976009738,-1.7097687721215509,598,Kennedy,193,Lundi : 05:45-20:30 / Mardi : 05:45-20:30 / Mercredi : 05:45-20:30 / Jeudi : 05:45-20:30 / Vendredi : 05:45-20:30 / Samedi : 05:45-20:30 / Dimanche : Fermé,OUVERT,0.00,"0,7","1,4","1,7",0,"2,3","2,9",,,,,,,
2026-10-02T10:39:13+02:00,170,48.11078384526577,-1.673617959020907,5011,Kleber,341,Lundi : 07:00-20:30 / Mardi : 07:00-20:30 / Mercredi : 07:00-20:30 / Jeudi : 07:00-20:30 / Vendredi : 07:00-20:30 / Samedi : 07:00-20:30 / Dimanche : Fermé,OUVERT,"0,6","2,4","3,4","4,4","1,2","6,4","8,4",0.3,1.2,1.8,2.4,0.6,3.6,4.8
2026-10-02T10:39:13+02:00,194,48.112673686342674,-1.683072154573685,5066,Lices,397,Dimanche :  09:00-21:00,OUVERT,0.60,2.40,3.40,4.40,1.20,6.40,8.40,0.3,1.2,1.8,2.4,0.6,3.6,4.8
2026-10-02T10:39:13+02:00,222,48.10509175413414,-1.6861234986967464,74,Arsenal,566,Lundi : 06:30-22:30 / Mardi : 06:30-22:30 / Mercredi : 06:30-22:30 / Jeudi : 06:30-22:30 / Vendredi : 06:30-22:30 / Samedi : 06:30-22:30 / Dimanche : Fermé,OUVERT,0.30,1.20,1.80,2.40,0.60,3.60,4.80,0.2,0.8,1.2,1.6,0.4,2.4,3.2
2026-10-02T10:39:13+02:00,236,48.11808445473859,-1.6804719095649794,6925,Hotel Dieu,285,Dimanche : Fermé,OUVERT,0.60,2.40,3.40,4.40,1.20,6.40,8.40,0.3,1.2,1.8,2.4,0.6,3.6,4.8
2026-10-02T10:39:13+02:00,411,48.1152366677876,-1.6770490451168616,4915,Hoche,773,Lundi : 06:00-22:00 / Dimanche : Fermé,OUVERT,0.60,2.40,3.40,4.40,1.20,6.40,8.40,0.3,1.2,1.8,2.4,0.6,3.6,4.8
2026-10-02T10:39:13+02:00,460,48.10623520518354,-1.676050017133773,597,De Gaulle-Gare,716,,OUVERT,0.60,2.40,3.40,4.40,1.20,6.40,8.40,0.3,1.2,1.8,2.4,0.6,3.6,4.8
2026-10-02T10:39:13+02:00,505,48.10217565565667,-1.6727864239904116,4765,Gare-Sud,990,,OUVERT,0.70,2.80,4.20,5.60,1.40,8.00,10.40,0.4,1.6,2.4,3.2,0.8,4.8,6.4
2026-10-02T10:39:13+02:00,524,48.10476254246226,-1.6786245223418863,1503,Colombier,939,Lundi : Ouvert 24h/24h / Mardi : Ouvert 24h/24h / Mercredi : Ouvert 24h/24h / Jeudi : Ouvert 24h/24h / Vendredi : Ouvert 24h/24h / Samedi : Ouvert 24h/24h / Dimanche : Ouvert 24h/24h,OUVERT,0.60,2.40,3.40,4.40,1.20,6.40,8.40,0.3,1.2,1.8,2.4,0.6,3.6,4.8
2026-10-02T17:01:26+02:00,137,48.11366158304597,-1.686105588634842,2,Chezy-Dinan,395,Lundi : 07:00-21:00 / Mardi : 07:00-21:00 / Mercredi : 07:00-21:00 / Dimanche : Fermé,OUVERT,0.60,2.40,3.40,4.40,1.20,6.40,8.40,0.3,1.2,1.8,2.4,0.6,3.6,4.8
2026-10-02T17:01:26+02:00,170,48.12082976009738,-1.7097687721215509,598,Kennedy,193,Lundi : 05:45-20:30 / Mardi : 05:45-20:30 / Mercredi : 05:45-20:30 / Jeudi : 05:45-20:30 / Vendredi : 05:45-20:30 / Samedi : 05:45-20:30 / Dimanche : Fermé,OUVERT,0.00,"0,7","1,4","1,7",0,"2,3","2,9",,,,,,,
2026-10-02T17:01:26+02:00,185,48.11078384526577,-1.673617959020907,5011,Kleber,341,Lundi : 07:00-20:30 / Mardi : 07:00-20:30 / Mercredi : 07:00-20:30 / Jeudi : 07:00-20:30 / Vendredi : 07:00-20:30 / Samedi : 07:00-20:30 / Dimanche : Fermé,OUVERT,"0,6","2,4","3,4","4,4","1,2","6,4","8,4",0.3,1.2,1.8,2.4,0.6,3.6,4.8
2026-10-02T17:01:26+02:00,198,48.112673686342674,-1.683072154573685,5066,Lices,397,Dimanche :  09:00-21:00,OUVERT,0.60,2.40,3.40,4.40,1.20,6.40,8.40,0.3,1.2,1.8,2.4,0.6,3.6,4.8
2026-10-02T17:01:26+02:00,243,48.11808445473859,-1.6804719095649794,6925,Hotel Dieu,285,Dimanche : Fermé,OUVERT,0.60,2.40,3.40,4.40,1.20,6.40,8.40,0.3,1.2,1.8,2.4,0.6,3.6,4.8
2026-10-02T17:01:26+02:00,290,48.10509175413414,-1.6861234986967464,74,Arsenal,566,Lundi : 06:30-22:30 / Mardi : 06:30-22:30 / Mercredi : 06:30-22:30 / Jeudi : 06:30-22:30 / Vendredi : 06:30-22:30 / Samedi : 06:30-22:30 / Dimanche : Fermé,OUVERT,0.30,1.20,1.80,2.40,0.60,3.60,4.80,0.2,0.8,1.2,1.6,0.4,2.4,3.2
2026-10-02T17:01:26+02:00,429,48.1152366677876,-1.6770490451168616,4915,Hoche,773,Lundi : 06:00-22:00 / Dimanche : Fermé,OUVERT,0.60,2.40,3.40,4.40,1.20,6.40,8.40,0.3,1.2,1.8,2.4,0.6,3.6,4.8
2026-10-02T17:01:26+02:00,465,48.10623520518354,-1.676050017133773,597,De Gaulle-Gare,716,,OUVERT,0.60,2.40,3.40,4.40,1.20,6.40,8.40,0.3,1.2,1.8,2.4,0.6,3.6,4.8
2026-10-02T17:01:26+02:00,534,48.10476254246226,-1.6786245223418863,1503,Colombier,939,Lundi : Ouvert 24h/24h / Mardi : Ouvert 24h/24h / Mercredi : Ouvert 24h/24h / Jeudi : Ouvert 24h/24h / Vendredi : Ouvert 24h/24h / Samedi : Ouvert 24h/24h / Dimanche : Ouvert 24h/24h,OUVERT,0.60,2.40,3.40,4.40,1.20,6.40,8.40,0.3,1.2,1.8,2.4,0.6,3.6,4.8
2026-10-02T17:01:26+02:00,571,48.10217565565667,-1.6727864239904116,4765,Gare-Sud,990,,OUVERT,0.70,2.80,4.20,5.60,1.40,8.00,10.40,0.4,1.6,2.4,3.2,0.8,4.8,6.4
2026-10-02T21:54:21+02:00,11,48.112673686342674,-1.683072154573685,5066,Lices,397,Dimanche :  09:00-21:00,OUVERT,0.60,2.40,3.40,4.40,1.20,6.40,8.40,0.3,1.2,1.8,2.4,0.6,3.6,4.8
2026-10-02T21:54:21+02:00,175,48.11078384526577,-1.673617959020907,5011,Kleber,341,Lundi : 07:00-20:30 / Mardi : 07:00-20:30 / Mercredi : 07:00-20:30 / Jeudi : 07:00-20:30 / Vendredi : 07:00-20:30 / Samedi : 07:00-20:30 / Dimanche : Fermé,OUVERT,"0,6","2,4","3,4","4,4","1,2","6,4","8,4",0.3,1.2,1.8,2.4,0.6,3.6,4.8
2026-10-02T21:54:21+02:00,175,48.12082976009738,-1.7097687721215509,598,Kennedy,193,Lundi : 05:45-20:30 / Mardi : 05:45-20:30 / Mercredi : 05:45-20:30 / Jeudi : 05:45-20:30 / Vendredi : 05:45-20:30 / Samedi : 05:45-20:30 / Dimanche : Fermé,OUVERT,0.00,"0,7","1,4","1,7",0,"2,3","2,9",,,,,,,
2026-10-02T21:54:21+02:00,218,48.10623520518354,-1.676050017133773,597,De Gaulle-Gare,716,,OUVERT,0.60,2.40,3.40,4.40,1.20,6.40,8.40,0.3,1.2,1.8,2.4,0.6,3.6,4.8
2026-10-02T21:54:21+02:00,233,48.11808445473859,-1.6804719095649794,6925,Hotel Dieu,285,Dimanche : Fermé,OUVERT,0.60,2.40,3.40,4.40,1.20,6.40,8.40,0.3,1.2,1.8,2.4,0.6,3.6,4.8
2026-10-02T21:54:21+02:00,411,48.10509175413414,-1.6861234986967464,74,Arsenal,566,Lundi : 06:30-22:30 / Mardi : 06:30-22:30 / Mercredi : 06:30-22:30 / Jeudi : 06:30-22:30 / Vendredi : 06:30-22:30 / Samedi : 06:30-22:30 / Dimanche : Fermé,OUVERT,0.30,1.20,1.80,2.40,0.60,3.60,4.80,0.2,0.8,1.2,1.6,0.4,2.4,3.2
2026-10-02T21:54:21+02:00,474,48.1152366677876,-1.6770490451168616,4915,Hoche,773,Lundi : 06:00-22:00 / Dimanche : Fermé,OUVERT,0.60,2.40,3.40,4.40,1.20,6.40,8.40,0.3,1.2,1.8,2.4,0.6,3.6,4.8
2026-10-02T21:54:21+02:00,604,48.10476254246226,-1.6786245223418863,1503,Colombier,939,Lundi : Ouvert 24h/24h / Mardi : Ouvert 24h/24h / Mercredi : Ouvert 24h/24h / Jeudi : Ouvert 24h/24h / Vendredi : Ouvert 24h/24h / Samedi : Ouvert 24h/24h / Dimanche : Ouvert 24h/24h,OUVERT,0.60,2.40,3.40,4.40,1.20,6.40,8.40,0.3,1.2,1.8,2.4,0.6,3.6,4.8
2026-10-02T21:54:21+02:00,68,48.11366158304597,-1.686105588634842,2,Chezy-Dinan,395,Lundi : 07:00-21:00 / Mardi : 07:00-21:00 / Mercredi : 07:00-21:00 / Dimanche : Fermé,OUVERT,0.60,2.40,3.40,4.40,1.20,6.40,8.40,0.3,1.2,1.8,2.4,0.6,3.6,4.8
2026-10-02T21:54:21+02:00,701,48.10217565565667,-1.6727864239904116,4765,Gare-Sud,990,,OUVERT,0.70,2.80,4.20,5.60,1.40,8.00,10.40,0.4,1.6,2.4,3.2,0.8,4.8,6.4
2026-10-03T01:35:09+02:00,,48.11808445473859,-1.6804719095649794,6925,Hotel Dieu,285,Dimanche : Fermé,CLOSED,0.60,2.40,3.40,4.40,1.20,6.40,8.40,0.3,1.2,1.8,2.4,0.6,3.6,4.8
2026-10-03T01:35:09+02:00,109,48.11366158304597,-1.686105588634842,2,Chezy-Dinan,395,Lundi : 07:00-21:00 / Mardi : 07:00-21:00 / Mercredi : 07:00-21:00 / Dimanche : Fermé,OUVERT,0.60,2.40,3.40,4.40,1.20,6.40,8.40,0.3,1.2,1.8,2.4,0.6,3.6,4.8
2026-10-03T01:35:09+02:00,173,48.112673686342674,-1.683072154573685,5066,Lices,397,Dimanche :  09:00-21:00,OUVERT,0.60,2.40,3.40,4.40,1.20,6.40,8.40,0.3,1.2,1.8,2.4,0.6,3.6,4.8
2026-10-03T01:35:09+02:00,173,48.12082976009738,-1.7097687721215509,598,Kennedy,193,Lundi : 05:45-20:30 / Mardi : 05:45-20:30 / Mercredi : 05:45-20:30 / Jeudi : 05:45-20:30 / Vendredi : 05:45-20:30 / Samedi : 05:45-20:30 / Dimanche : Fermé,OUVERT,0.00,"0,7","1,4","1,7",0,"2,3","2,9",,,,,,,
2026-10-03T01:35:09+02:00,200,48.11078384526577,-1.673617959020907,5011,Kleber,341,Lundi : 07:00-20:30 / Mardi : 07:00-20:30 / Mercredi : 07:00-20:30 / Jeudi : 07:00-20:30 / Vendredi : 07:00-20:30 / Samedi : 07:00-20:30 / Dimanche : Fermé,OUVERT,"0,6","2,4","3,4","4,4","1,2","6,4","8,4",0.3,1.2,1.8,2.4,0.6,3.6,4.8
2026-10-03T01:35:09+02:00,420,48.10509175413414,-1.6861234986967464,74,Arsenal,566,Lundi : 06:30-22:30 / Mardi : 06:30-22:30 / Mercredi : 06:30-22:30 / Jeudi : 06:30-22:30 / Vendredi : 06:30-22:30 / Samedi : 06:30-22:30 / Dimanche : Fermé,OUVERT,0.30,1.20,1.80,2.40,0.60,3.60,4.80,0.2,0.8,1.2,1.6,0.4,2.4,3.2
2026-10-03T01:35:09+02:00,489,48.10623520518354,-1.676050017133773,597,De Gaulle-Gare,716,,OUVERT,0.60,2.40,3.40,4.40,1.20,6.40,8.40,0.3,1.2,1.8,2.4,0.6,3.6,4.8
2026-10-03T01:35:09+02:00,522,48.1152366677876,-1.6770490451168616,4915,Hoche,773,Lundi : 06:00-22:00 / Dimanche : Fermé,OUVERT,0.60,2.40,3.40,4.40,1.20,6.40,8.40,0.3,1.2,1.8,2.4,0.6,3.6,4.8
2026-10-03T01:35:09+02:00,698,48.10476254246226,-1.6786245223418863,1503,Colombier,939,Lundi : Ouvert 24h/24h / Mardi : Ouvert 24h/24h / Mercredi : Ouvert 24h/24h / Jeudi : Ouvert 24h/24h / Vendredi : Ouvert 24h/24h / Samedi : Ouvert 24h/24h / Dimanche : Ouvert 24h/24h,OUVERT,0.60,2.40,3.40,4.40,1.20,6.40,8.40,0.3,1.2,1.8,2.4,0.6,3.6,4.8
2026-10-03T01:35:09+02:00,755,48.10217565565667,-1.6727864239904116,4765,Gare-Sud,990,,OUVERT,0.70,2.80,4.20,5.60,1.40,8.00,10.40,0.4,1.6,2.4,3.2,0.8,4.8,6.4
2026-10-03T04:18:40+02:00,,48.11808445473859,-1.6804719095649794,6925,Hotel Dieu,285,Dimanche : Fermé,CLOSED,0.60,2.40,3.40,4.40,1.20,6.40,8.40,0.3,1.2,1.8,2.4,0.6,3.6,4.8
2026-10-03T04:18:40+02:00,122,48.11366158304597,-1.686105588634842,2,Chezy-Dinan,395,Lundi : 07:00-21:00 / Mardi : 07:00-21:00 / Mercredi : 07:00-21:00 / Dimanche : Fermé,OUVERT,0.60,2.40,3.40,4.40,1.20,6.40,8.40,0.3,1.2,1.8,2.4,0.6,3.6,4.8
2026-10-03T04:18:40+02:00,175,48.12082976009738,-1.7097687721215509,598,Kennedy,193,Lundi : 05:45-20:30 / Mardi : 05:45-20:30 / Mercredi : 05:45-20:30 / Jeudi : 05:45-20:30 / Vendredi : 05:45-20:30 / Samedi : 05:45-20:30 / Dimanche : Fermé,OUVERT,0.00,"0,7","1,4","1,7",0,"2,3","2,9",,,,,,,
2026-10-03T04:18:40+02:00,205,48.11078384526577,-1.673617959020907,5011,Kleber,341,Lundi : 07:00-20:30 / Mardi : 07:00-20:30 / Mercredi : 07:00-20:30 / Jeudi : 07:00-20:30 / Vendredi : 07:00-20:30 / Samedi : 07:00-20:30 / Dimanche : Fermé,OUVERT,"0,6","2,4","3,4","4,4","1,2","6,4","8,4",0.3,1.2,1.8,2.4,0.6,3.6,4.8
2026-10-03T04:18:40+02:00,236,48.112673686342674,-1.683072154573685,5066,Lices,397,Dimanche :  09:00-21:00,OUVERT,0.60,2.40,3.40,4.40,1.20,6.40,8.40,0.3,1.2,1.8,2.4,0.6,3.6,4.8
2026-10-03T04:18:40+02:00,423,48.10509175413414,-1.6861234986967464,74,Arsenal,566,Lundi : 06:30-22:30 / Mardi : 06:30-22:30 / Mercredi : 06:30-22:30 / Jeudi : 06:30-22:30 / Vendredi : 06:30-22:30 / Samedi : 06:30-22:30 / Dimanche : Fermé,OUVERT,0.30,1.20,1.80,2.40,0.60,3.60,4.80,0.2,0.8,1.2,1.6,0.4,2.4,3.2
2026-10-03T04:18:40+02:00,527,48.1152366677876,-1.6770490451168616,4915,Hoche,773,Lundi : 06:00-22:00 / Dimanche : Fermé,OUVERT,0.60,2.40,3.40,4.40,1.20,6.40,8.40,0.3,1.2,1.8,2.4,0.6,3.6,4.8
2026-10-03T04:18:40+02:00,562,48.10623520518354,-1.676050017133773,597,De Gaulle-Gare,716,,OUVERT,0.60,2.40,3.40,4.40,1.20,6.40,8.40,0.3,1.2,1.8,2.4,0.6,3.6,4.8
2026-10-03T04:18:40+02:00,730,48.10476254246226,-1.6786245223418863,1503,Colombier,939,Lundi : Ouvert 24h/24h / Mardi : Ouvert 24h/24h / Mercredi : Ouvert 24h/24h / Jeudi : Ouvert 24h/24h / Vendredi : Ouvert 24h/24h / Samedi : Ouvert 24h/24h / Dimanche : Ouvert 24h/24h,OUVERT,0.60,2.40,3.40,4.40,1.20,6.40,8.40,0.3,1.2,1.8,2.4,0.6,3.6,4.8
2026-10-03T04:18:40+02:00,757,48.10217565565667,-1.6727864239904116,4765,Gare-Sud,990,,OUVERT,0.70,2.80,4.20,5.60,1.40,8.00,10.40,0.4,1.6,2.4,3.2,0.8,4.8,6.4
2026-10-03T10:19:25+02:00,166,48.12082976009738,-1.7097687721215509,598,Kennedy,193,Lundi : 05:45-20:30 / Mardi : 05:45-20:30 / Mercredi : 05:45-20:30 / Jeudi : 05:45-20:30 / Vendredi : 05:45-20:30 / Samedi : 05:45-20:30 / Dimanche : Fermé,OUVERT,0.00,"0,7","1,4","1,7",0,"2,3","2,9",,,,,,,
2026-10-03T10:19:25+02:00,187,48.11078384526577,-1.673617959020907,5011,Kleber,341,Lundi : 07:00-20:30 / Mardi : 07:00-20:30 / Mercredi : 07:00-20:30 / Jeudi : 07:00-20:30 / Vendredi : 07:00-20:30 / Samedi : 07:00-20:30 / Dimanche : Fermé,OUVERT,"0,6","2,4","3,4","4,4","1,2","6,4","8,4",0.3,1.2,1.8,2.4,0.6,3.6,4.8
2026-10-03T10:19:25+02:00,238,48.11808445473859,-1.6804719095649794,6925,Hotel Dieu,285,Dimanche : Fermé,OUVERT,0.60,2.40,3.40,4.40,1.20,6.40,8.40,0.3,1.2,1.8,2.4,0.6,3.6,4.8
2026-10-03T10:19:25+02:00,410,48.10509175413414,-1.6861234986967464,74,Arsenal,566,Lundi : 06:30-22:30 / Mardi : 06:30-22:30 / Mercredi : 06:30-22:30 / Jeudi : 06:30-22:30 / Vendredi : 06:30-22:30 / Samedi : 06:30-22:30 / Dimanche : Fermé,OUVERT,0.30,1.20,1.80,2.40,0.60,3.60,4.80,0.2,0.8,1.2,1.6,0.4,2.4,3.2
2026-10-03T10:19:25+02:00,419,48.1152366677876,-1.6770490451168616,4915,Hoche,773,Lundi : 06:00-22:00 / Dimanche : Fermé,OUVERT,0.60,2.40,3.40,4.40,1.20,6.40,8.40,0.3,1.2,1.8,2.4,0.6,3.6,4.8
2026-10-03T10:19:25+02:00,45,48.112673686342674,-1.683072154573685,5066,Lices,397,Dimanche :  09:00-21:00,OUVERT,0.60,2.40,3.40,4.40,1.20,6.40,8.40,0.3,1.2,1.8,2.4,0.6,3.6,4.8
2026-10-03T10:19:25+02:00,50,48.11366158304597,-1.686105588634842,2,Chezy-Dinan,395,Lundi : 07:00-21:00 / Mardi : 07:00-21:00 / Mercredi : 07:00-21:00 / Dimanche : Fermé,OUVERT,0.60,2.40,3.40,4.40,1.20,6.40,8.40,0.3,1.2,1.8,2.4,0.6,3.6,4.8
2026-10-03T10:19:25+02:00,504,48.10623520518354,-1.676050017133773,597,De Gaulle-Gare,716,,OUVERT,0.60,2.40,3.40,4.40,1.20,6.40,8.40,0.3,1.2,1.8,2.4,0.6,3.6,4.8
2026-10-03T10:19:25+02:00,668,48.10476254246226,-1.6786245223418863,1503,Colombier,939,Lundi : Ouvert 24h/24h / Mardi : Ouvert 24h/24h / Mercredi : Ouvert 24h/24h / Jeudi : Ouvert 24h/24h / Vendredi : Ouvert 24h/24h / Samedi : Ouvert 24h/24h / Dimanche : Ouvert 24h/24h,OUVERT,0.60,2.40,3.40,4.40,1.20,6.40,8.40,0.3,1.2,1.8,2.4,0.6,3.6,4.8
2026-10-03T10:19:25+02:00,705,48.10217565565667,-1.6727864239904116,4765,Gare-Sud,990,,OUVERT,0.70,2.80,4.20,5.60,1.40,8.00,10.40,0.4,1.6,2.4,3.2,0.8,4.8,6.4
2026-10-03T15:32:26+02:00,132,48.11078384526577,-1.673617959020907,5011,Kleber,341,Lundi : 07:00-20:30 / Mardi : 07:00-20:30 / Mercredi : 07:00-20:30 / Jeudi : 07:00-20:30 / Vendredi : 07:00-20:30 / Samedi : 07:00-20:30 / Dimanche : Fermé,OUVERT,"0,6","2,4","3,4","4,4","1,2","6,4","8,4",0.3,1.2,1.8,2.4,0.6,3.6,4.8
2026-10-03T15:32:26+02:00,171,48.12082976009738,-1.7097687721215509,598,Kennedy,193,Lundi : 05:45-20:30 / Mardi : 05:45-20:30 / Mercredi : 05:45-20:30 / Jeudi : 05:45-20:30 / Vendredi : 05:45-20:30 / Samedi : 05:45-20:30 / Dimanche : Fermé,OUVERT,0.00,"0,7","1,4","1,7",0,"2,3","2,9",,,,,,,
2026-10-03T15:32:26+02:00,189,48.1152366677876,-1.6770490451168616,4915,Hoche,773,Lundi : 06:00-22:00 / Dimanche : Fermé,OUVERT,0.60,2.40,3.40,4.40,1.20,6.40,8.40,0.3,1.2,1.8,2.4,0.6,3.6,4.8
2026-10-03T15:32:26+02:00,21,48.112673686342674,-1.683072154573685,5066,Lices,397,Dimanche :  09:00-21:00,OUVERT,0.60,2.40,3.40,4.40,1.20,6.40,8.40,0.3,1.2,1.8,2.4,0.6,3.6,4.8
2026-10-03T15:32:26+02:00,241,48.11808445473859,-1.6804719095649794,6925,Hotel Dieu,285,Dimanche : Fermé,OUVERT,0.60,2.40,3.40,4.40,1.20,6.40,8.40,0.3,1.2,1.8,2.4,0.6,3.6,4.8
2026-10-03T15:32:26+02:00,294,48.10623520518354,-1.676050017133773,597,De Gaulle-Gare,716,,OUVERT,0.60,2.40,3.40,4.40,1.20,6.40,8.40,0.3,1.2,1.8,2.4,0.6,3.6,4.8
2026-10-03T15:32:26+02:00,413,48.10509175413414,-1.6861234986967464,74,Arsenal,566,Lundi : 06:30-22:30 / Mardi : 06:30-22:30 / Mercredi : 06:30-22:30 / Jeudi : 06:30-22:30 / Vendredi : 06:30-22:30 / Samedi : 06:30-22:30 / Dimanche : Fermé,OUVERT,0.30,1.20,1.80,2.40,0.60,3.60,4.80,0.2,0.8,1.2,1.6,0.4,2.4,3.2
2026-10-03T15:32:26+02:00,499,48.10476254246226,-1.6786245223418863,1503,Colombier,939,Lundi : Ouvert 24h/24h / Mardi : Ouvert 24h/24h / Mercredi : Ouvert 24h/24h / Jeudi : Ouvert 24h/24h / Vendredi : Ouvert 24h/24h / Samedi : Ouvert 24h/24h / Dimanche : Ouvert 24h/24h,OUVERT,0.60,2.40,3.40,4.40,1.20,6.40,8.40,0.3,1.2,1.8,2.4,0.6,3.6,4.8
2026-10-03T15:32:26+02:00,64,48.11366158304597,-1.686105588634842,2,Chezy-Dinan,395,Lundi : 07:00-21:00 / Mardi : 07:00-21:00 / Mercredi : 07:00-21:00 / Dimanche : Fermé,OUVERT,0.60,2.40,3.40,4.40,1.20,6.40,8.40,0.3,1.2,1.8,2.4,0.6,3.6,4.8
2026-10-03T15:32:26+02:00,673,48.10217565565667,-1.6727864239904116,4765,Gare-Sud,990,,OUVERT,0.70,2.80,4.20,5.60,1.40,8.00,10.40,0.4,1.6,2.4,3.2,0.8,4.8,6.4
2026-10-03T19:34:52+02:00,111,48.11366158304597,-1.686105588634842,2,Chezy-Dinan,395,Lundi : 07:00-21:00 / Mardi : 07:00-21:00 / Mercredi : 07:00-21:00 / Dimanche : Fermé,OUVERT,0.60,2.40,3.40,4.40,1.20,6.40,8.40,0.3,1.2,1.8,2.4,0.6,3.6,4.8
2026-10-03T19:34:52+02:00,172,48.12082976009738,-1.7097687721215509,598,Kennedy,193,Lundi : 05:45-20:30 / Mardi : 05:45-20:30 / Mercredi : 05:45-20:30 / Jeudi : 05:45-20:30 / Vendredi : 05:45-20:30 / Samedi : 05:45-20:30 / Dimanche : Fermé,OUVERT,0.00,"0,7","1,4","1,7",0,"2,3","2,9",,,,,,,
2026-10-03T19:34:52+02:00,193,48.11078384526577,-1.673617959020907,5011,Kleber,341,Lundi : 07:00-20:30 / Mardi : 07:00-20:30 / Mercredi : 07:00-20:30 / Jeudi : 07:00-20:30 / Vendredi : 07:00-20:30 / Samedi : 07:00-20:30 / Dimanche : Fermé,OUVERT,"0,6","2,4","3,4","4,4","1,2","6,4","8,4",0.3,1.2,1.8,2.4,0.6,3.6,4.8
2026-10-03T19:34:52+02:00,243,48.11808445473859,-1.6804719095649794,6925,Hotel Dieu,285,Dimanche : Fermé,OUVERT,0.60,2.40,3.40,4.40,1.20,6.40,8.40,0.3,1.2,1.8,2.4,0.6,3.6,4.8
2026-10-03T19:34:52+02:00,320,48.10623520518354,-1.676050017133773,597,De Gaulle-Gare,716,,OUVERT,0.60,2.40,3.40,4.40,1.20,6.40,8.40,0.3,1.2,1.8,2.4,0.6,3.6,4.8
2026-10-03T19:34:52+02:00,428,48.10509175413414,-1.6861234986967464,74,Arsenal,566,Lundi : 06:30-22:30 / Mardi : 06:30-22:30 / Mercredi : 06:30-22:30 / Jeudi : 06:30-22:30 / Vendredi : 06:30-22:30 / Samedi : 06:30-22:30 / Dimanche : Fermé,OUVERT,0.30,1.20,1.80,2.40,0.60,3.60,4.80,0.2,0.8,1.2,1.6,0.4,2.4,3.2
2026-10-03T19:34:52+02:00,432,48.1152366677876,-1.6770490451168616,4915,Hoche,773,Lundi : 06:00-22:00 / Dimanche : Fermé,OUVERT,0.60,2.40,3.40,4.40,1.20,6.40,8.40,0.3,1.2,1.8,2.4,0.6,3.6,4.8
2026-10-03T19:34:52+02:00,610,48.10476254246226,-1.6786245223418863,1503,Colombier,939,Lundi : Ouvert 24h/24h / Mardi : Ouvert 24h/24h / Mercredi : Ouvert 24h/24h / Jeudi : Ouvert 24h/24h / Vendredi : Ouvert 24h/24h / Samedi : Ouvert 24h/24h / Dimanche : Ouvert 24h/24h,OUVERT,0.60,2.40,3.40,4.40,1.20,6.40,8.40,0.3,1.2,1.8,2.4,0.6,3.6,4.8
2026-10-03T19:34:52+02:00,715,48.10217565565667,-1.6727864239904116,4765,Gare-Sud,990,,OUVERT,0.70,2.80,4.20,5.60,1.40,8.00,10.40,0.4,1.6,2.4,3.2,0.8,4.8,6.4
2026-10-03T19:34:52+02:00,76,48.112673686342674,-1.683072154573685,5066,Lices,397,Dimanche :  09:00-21:00,OUVERT,0.60,2.40,3.40,4.40,1.20,6.40,8.40,0.3,1.2,1.8,2.4,0.6,3.6,4.8
2026-10-03T22:11:08+02:00,14,48.112673686342674,-1.683072154573685,5066,Lices,397,Dimanche :  09:00-21:00,OUVERT,0.60,2.40,3.40,4.40,1.20,6.40,8.40,0.3,1.2,1.8,2.4,0.6,3.6,4.8
2026-10-03T22:11:08+02:00,176,48.12082976009738,-1.7097687721215509,598,Kennedy,193,Lundi : 05:45-20:30 / Mardi : 05:45-20:30 / Mercredi : 05:45-20:30 / Jeudi : 05:45-20:30 / Vendredi : 05:45-20:30 / Samedi : 05:45-20:30 / Dimanche : Fermé,OUVERT,0.00,"0,7","1,4","1,7",0,"2,3","2,9",,,,,,,
2026-10-03T22:11:08+02:00,187,48.11078384526577,-1.673617959020907,5011,Kleber,341,Lundi : 07:00-20:30 / Mardi : 07:00-20:30 / Mercredi : 07:00-20:30 / Jeudi : 07:00-20:30 / Vendredi : 07:00-20:30 / Samedi : 07:00-20:30 / Dimanche : Fermé,OUVERT,"0,6","2,4","3,4","4,4","1,2","6,4","8,4",0.3,1.2,1.8,2.4,0.6,3.6,4.8
2026-10-03T22:11:08+02:00,217,48.10623520518354,-1.676050017133773,597,De Gaulle-Gare,716,,OUVERT,0.60,2.40,3.40,4.40,1.20,6.40,8.40,0.3,1.2,1.8,2.4,0.6,3.6,4.8
2026-10-03T22:11:08+02:00,237,48.11808445473859,-1.6804719095649794,6925,Hotel Dieu,285,Dimanche : Fermé,OUVERT,0.60,2.40,3.40,4.40,1.20,6.40,8.40,0.3,1.2,1.8,2.4,0.6,3.6,4.8
2026-10-03T22:11:08+02:00,408,48.10509175413414,-1.6861234986967464,74,Arsenal,566,Lundi : 06:30-22:30 / Mardi : 06:30-22:30 / Mercredi : 06:30-22:30 / Jeudi : 06:30-22:30 / Vendredi : 06:30-22:30 / Samedi : 06:30-22:30 / Dimanche : Fermé,OUVERT,0.30,1.20,1.80,2.40,0.60,3.60,4.80,0.2,0.8,1.2,1.6,0.4,2.4,3.2
2026-10-03T22:11:08+02:00,483,48.1152366677876,-1.6770490451168616,4915,Hoche,773,Lundi : 06:00-22:00 / Dimanche : Fermé,OUVERT,0.60,2.40,3.40,4.40,1.20,6.40,8.40,0.3,1.2,1.8,2.4,0.6,3.6,4.8
2026-10-03T22:11:08+02:00,574,48.10476254246226,-1.6786245223418863,1503,Colombier,939,Lundi : Ouvert 24h/24h / Mardi : Ouvert 24h/24h / Mercredi : Ouvert 24h/24h / Jeudi : Ouvert 24h/24h / Vendredi : Ouvert 24h/24h / Samedi : Ouvert 24h/24h / Dimanche : Ouvert 24h/24h,OUVERT,0.60,2.40,3.40,4.40,1.20,6.40,8.40,0.3,1.2,1.8,2.4,0.6,3.6,4.8
2026-10-03T22:11:08+02:00,707,48.10217565565667,-1.6727864239904116,4765,Gare-Sud,990,,OUVERT,0.70,2.80,4.20,5.60,1.40,8.00,10.40,0.4,1.6,2.4,3.2,0.8,4.8,6.4
2026-10-03T22:11:08+02:00,8,48.11366158304597,-1.686105588634842,2,Chezy-Dinan,395,Lundi : 07:00-21:00 / Mardi : 07:00-21:00 / Mercredi : 07:00-21:00 / Dimanche : Fermé,OUVERT,0.60,2.40,3.40,4.40,1.20,6.40,8.40,0.3,1.2,1.8,2.4,0.6,3.6,4.8
